Taxon,EPBC status,MNES_DCCEEW maps
Abutilon julianae,Critically Endangered,40.24856957
Acacia ammophila,Vulnerable,2664.557166
Acacia anomala,Vulnerable,86.7589812
Acacia aphylla,Vulnerable,53.65963886
Acacia aprica,Endangered,2470.398156
Acacia araneosa,Vulnerable,88.14707576
Acacia aristulata,Endangered,56.92309447
Acacia ataxiphylla subsp. magna,Endangered,2143.988663
Acacia attenuata,Vulnerable,2338.937247
Acacia auratiflora,Endangered,156.4891501
Acacia awestoniana,Vulnerable,60.74305366
Acacia axillaris,Vulnerable,1359.408094
Acacia brachypoda,Endangered,66.78993642
Acacia bynoeana,Vulnerable,2999.270195
Acacia caerulescens,Vulnerable,233.4117579
Acacia carneorum,Vulnerable,50348.81164
Acacia chapmanii subsp. australis,Endangered,1.190117572
Acacia cochlocarpa subsp. cochlocarpa,Endangered,738.7712558
Acacia cochlocarpa subsp. velutinosa,Critically Endangered,2231.266307
Acacia constablei,Vulnerable,60.17846019
Acacia courtii,Vulnerable,94.96480299
Acacia cretacea,Endangered,18.71476698
Acacia crombiei,Vulnerable,7501.627995
Acacia curranii,Vulnerable,7466.233331
Acacia denticulosa,Vulnerable,194.0192852
Acacia depressa,Vulnerable,51.06666886
Acacia deuteroneura,Vulnerable,254.6539515
Acacia enterocarpa,Endangered,676.9884795
Acacia equisetifolia,Critically Endangered,150.8436446
Acacia eremophiloides,Vulnerable,11.61338093
Acacia flocktoniae,Vulnerable,630.0615207
Acacia forrestiana,Vulnerable,868.4522712
Acacia georgensis,Vulnerable,405.8425606
Acacia glandulicarpa,Vulnerable,6813.338996
Acacia gordonii,Endangered,222.0403504
Acacia grandifolia,Vulnerable,2085.196897
Acacia handonis,Vulnerable,899.3175939
Acacia imitans,Endangered,738.8212038
Acacia insolita subsp. recurva,Endangered,549.2525626
Acacia lanuginophylla,Endangered,2303.233323
Acacia latzii,Vulnerable,10970.54881
Acacia lauta,Vulnerable,492.1721429
Acacia leptalea,Endangered,295.8727041
Acacia leptoneura,Critically Endangered,0.179320768
Acacia lobulata,Endangered,1931.662763
Acacia macnuttiana,Vulnerable,1208.63652
Acacia meiantha,Endangered,35.64907682
Acacia menzelii,Vulnerable,804.3429297
Acacia peuce,Vulnerable,3385.881993
Acacia pharangites,Endangered,30.36676446
Acacia phasmoides,Vulnerable,326.7964676
Acacia pickardii,Vulnerable,12135.35463
Acacia pinguifolia,Endangered,2504.104722
Acacia porcata,Endangered,11.61338093
Acacia praemorsa,Vulnerable,235.5715388
Acacia praetermissa,Vulnerable,173.6263373
Acacia pubescens,Vulnerable,1444.699385
Acacia pubifolia,Vulnerable,457.5983835
Acacia purpureopetala,Critically Endangered,841.3486795
Acacia pycnostachya,Vulnerable,113.8192864
Acacia pygmaea,Endangered,175.7142682
Acacia recurvata,Endangered,100.747839
Acacia rhamphophylla,Endangered,31.42898909
Acacia rhetinocarpa,Vulnerable,1963.712065
Acacia ruppii,Endangered,604.8156041
Acacia sciophanes,Endangered,468.6082577
Acacia spilleriana,Endangered,373.9527949
Acacia splendens,Endangered,27.21094742
Acacia subflexuosa subsp. capillata,Endangered,30.76745273
Acacia terminalis subsp. terminalis MS,Endangered,179.075015
Acacia undoolyana,Vulnerable,103.5678426
Acacia unguicula,Critically Endangered,8.323179268
Acacia vassalii,Endangered,359.6859542
Acacia volubilis,Endangered,724.7005508
Acacia whibleyana,Endangered,31.51374485
Acacia wilsonii,Endangered,181.8981374
Acacia woodmaniorum,Endangered,22.57592303
Acanthocladium dockeri,Critically Endangered,76.57477879
Achyranthes arborescens,Critically Endangered,37.76261859
Achyranthes margaretarum,Critically Endangered,2.518234784
Acriopsis emarginata,Vulnerable,2781.242396
Acronychia littoralis,Endangered,1107.082366
Acrophyllum australe,Vulnerable,113.0954159
Actephila foetida,Vulnerable,78.50325624
Actinotus schwarzii,Vulnerable,381.9920444
Adenanthos dobagii,Endangered,2964.432291
Adenanthos ellipticus,Vulnerable,242.5509264
Adenanthos eyrei,Endangered,1839.40994
Adenanthos pungens subsp. effusus,Endangered,2362.708068
Adenanthos pungens subsp. pungens,Vulnerable,1042.778431
Adenanthos velutinus,Endangered,0.081422689
Alectryon ramiflorus,Endangered,57.05044715
Allocasuarina defungens,Endangered,155.1279569
Allocasuarina emuina,Endangered,90.77068418
Allocasuarina fibrosa,Vulnerable,79.12440461
Allocasuarina glareicola,Endangered,599.5228484
Allocasuarina portuensis,Endangered,1.238250154
Allocasuarina robusta,Endangered,54.4266856
Allocasuarina simulans,Vulnerable,70.72496002
Allocasuarina thalassoscopica,Endangered,358.2646011
Allocasuarina tortiramula,Vulnerable,50.6477499
Alloxylon flammeum,Vulnerable,1577.431521
Almaleea cambagei,Vulnerable,500.3216808
Ammobium craspedioides,Vulnerable,12003.29763
Amphibromus fluitans,Vulnerable,51828.90028
Amyema plicatula,Endangered,263.4260125
Andersonia annelsii,Critically Endangered,128.168159
Andersonia axilliflora,Endangered,13.44579684
Andersonia gracilis,Endangered,1526.868354
Andersonia pinaster,Vulnerable,43.16683632
Androcalva adenothalia,Critically Endangered,50.0612573
Androcalva bivillosa,Critically Endangered,1061.727043
Androcalva perlaria,Endangered,27.6934688
Androcalva procumbens,Vulnerable,15269.45283
Androcalva rosea,Endangered,14.26206625
Angophora inopina,Vulnerable,1169.982392
Angophora robur,Vulnerable,1762.232803
Anigozanthos bicolor subsp. minor,Endangered,21542.49382
Anigozanthos viridis subsp. terraspectans,Vulnerable,2294.08101
Anthocercis gracilis,Vulnerable,164.8476786
Apatophyllum olsenii,Vulnerable,113.952878
Apium prostratum subsp. Porongurup Range (G.J.Keighery 8631),Vulnerable,73.80653784
Aponogeton bullosus,Endangered,1299.096163
Aponogeton prolifer,Endangered,91.61180919
Archidendron lovelliae,Vulnerable,1248.507896
Archontophoenix myolensis,Endangered,11.46809779
Argyrotegium nitidulum,Vulnerable,325.1117971
Aristida annua,Vulnerable,2788.054626
Aristida granitica,Endangered,16.01167639
Arthraxon hispidus,Vulnerable,6803.943277
Asperula asthenes,Vulnerable,1970.440857
Asplenium hookerianum,Vulnerable,115.5562006
Asplenium listeri,Critically Endangered,46.61464972
Asplenium pellucidum,Vulnerable,261.0923383
Asplenium wildii,Vulnerable,410.9901732
Astelia australiana,Vulnerable,227.1664837
Asterolasia elegans,Endangered,773.7253354
Asterolasia nivea,Vulnerable,34.97609265
Asterolasia phebalioides,Vulnerable,757.8621871
Astrotricha crassifolia,Vulnerable,509.8687333
Astrotricha roddii,Endangered,916.8701332
Atalaya brevialata,Critically Endangered,37.17202618
Atalaya collina,Endangered,36.41861296
Atriplex infrequens,Vulnerable,414.547964
Atriplex yeelirrie,Endangered,199.8328872
Austrostipa bronwenae,Endangered,5.047369086
Austrostipa jacobsiana,Critically Endangered,7.652745697
Austrostipa metatoris,Vulnerable,908.1960792
Austrostipa wakoolica,Endangered,32219.3165
Azorella macquariensis,Critically Endangered,70.978761
Baeckea kandos,Endangered,1.635763894
Ballantinia antipoda,Endangered,14.8422898
Baloghia marmorata,Vulnerable,636.7693706
Baloskion longipes,Vulnerable,594.2805005
Banksia anatona,Critically Endangered,679.0608978
Banksia aurantia,Critically Endangered,184.0333839
Banksia brownii,Endangered,3401.752202
Banksia catoglypta,Vulnerable,492.5940459
Banksia cuneata,Endangered,258.0907563
Banksia fuscobractea,Critically Endangered,57.07952317
Banksia goodii,Vulnerable,309.4176837
Banksia ionthocarpa,Endangered,8.055004369
Banksia mimica,Endangered,248.5177199
Banksia montana,Endangered,5.960048907
Banksia nivea subsp. uliginosa,Endangered,2640.998014
Banksia oligantha,Endangered,8731.577238
Banksia pseudoplumosa,Endangered,3387.969725
Banksia rufa subsp. pumila,Endangered,545.4091464
Banksia serratuloides subsp. perissa,Critically Endangered,489.1220234
Banksia serratuloides subsp. serratuloides,Vulnerable,274.7595632
Banksia sphaerocarpa var. dolichostyla,Vulnerable,8482.935422
Banksia squarrosa subsp. argillacea,Vulnerable,2302.654421
Banksia verticillata,Vulnerable,425.8073669
Banksia vincentia,Critically Endangered,37.38075319
Barbarea australis,Endangered,5212.42093
Bertya calycina,Vulnerable,234.5247666
Bertya ernestiana,Vulnerable,214.0174383
Bertya granitica,Endangered,11.61338093
Bertya ingramii,Endangered,9.141628395
Bertya opponens,Vulnerable,2054.972997
Bertya pinifolia,Vulnerable,34.04334799
Bertya tasmanica subsp. tasmanica,Endangered,60.19114004
Beyeria lepidopetala,Endangered,2148.956486
Beyeria subtecta,Vulnerable,83.0866018
Blechnum norfolkianum,Endangered,8.068774152
Boehmeria australis subsp. australis,Critically Endangered,7.271613212
Boronia adamsiana,Vulnerable,3157.410822
Boronia capitata subsp. capitata,Endangered,3806.276933
Boronia clavata,Endangered,211.2678107
Boronia deanei,Vulnerable,1354.042557
Boronia exilis,Endangered,17.35071131
Boronia galbraithiae,Vulnerable,136.4829553
Boronia granitica,Endangered,1166.027964
Boronia gunnii,Vulnerable,318.0843011
Boronia hemichiton,Vulnerable,1.314921859
Boronia hippopala,Vulnerable,360.0750241
Boronia keysii,Vulnerable,77.81224929
Boronia quadrilata,Vulnerable,26.6460252
Boronia repanda,Endangered,103.6472742
Boronia revoluta,Endangered,3.556109232
Boronia umbellata,Vulnerable,216.8775807
Boronia viridiflora,Vulnerable,47.29733351
Borya mirabilis,Endangered,25.545503
Bosistoa transversa,Vulnerable,38114.69194
Bossiaea fragrans,Critically Endangered,3.46666732
Bossiaea oligosperma,Vulnerable,212.5092576
Bossiaea peninsularis,Endangered,64.751917
Bossiaea sp. Frankland (E.M.Sandiford EMS 896),Endangered,4.300551915
Bothriochloa bunyensis,Vulnerable,821.5897451
Brachychiton sp. Ormeau (L.H.Bird AQ435851),Critically Endangered,4.717349133
Brachyscias verecundus,Critically Endangered,7.360531311
Brachyscome muelleri,Endangered,1.26522176
Brachyscome muelleroides,Vulnerable,1675.06873
Brachyscome papillosa,Vulnerable,13531.5989
Bruguiera hainesii,Critically Endangered,617.4155778
Budawangia gnidioides,Vulnerable,113.3006755
Bulbophyllum globuliforme,Vulnerable,1801.074643
Bulbophyllum gracillimum,Vulnerable,93.68937932
Bulbophyllum longiflorum,Vulnerable,15.49043965
Burmannia sp. Bathurst Island (R.Fensham 1021),Endangered,2500.265628
Cadellia pentastylis,Vulnerable,161353.4558
Cajanus mareebensis,Endangered,59620.23377
Caladenia actensis,Critically Endangered,42.83247211
Caladenia amoena,Endangered,55.87004182
Caladenia anthracina,Critically Endangered,617.0970201
Caladenia arenaria,Endangered,395.8117807
Caladenia argocalla,Endangered,555.2210745
Caladenia atroclavia,Endangered,176.5354603
Caladenia attenuata,Critically Endangered,13.3506012
Caladenia audasii,Endangered,1934.772569
Caladenia barbarella,Endangered,956.6005549
Caladenia behrii,Endangered,204.7123472
Caladenia brumalis,Vulnerable,650.7155112
Caladenia bryceana subsp. bryceana,Endangered,543.2067071
Caladenia bryceana subsp. cracens,Vulnerable,538.5602639
Caladenia busselliana,Endangered,112.9320933
Caladenia caesarea subsp. maritima,Endangered,5.893041861
Caladenia calcicola,Vulnerable,75.46551024
Caladenia campbellii,Critically Endangered,32.46516376
Caladenia caudata,Vulnerable,8405.779033
Caladenia christineae,Vulnerable,3566.686819
Caladenia colorata,Endangered,6187.215284
Caladenia concolor,Vulnerable,2370.784316
Caladenia conferta,Endangered,33.44884567
Caladenia cremna,Critically Endangered,155.6949727
Caladenia dienema,Endangered,148.8703919
Caladenia dorrienii,Endangered,1353.632631
Caladenia drakeoides,Endangered,853.1988009
Caladenia elegans,Endangered,1376.769842
Caladenia excelsa,Endangered,71.53186177
Caladenia formosa,Vulnerable,1255.659639
Caladenia fulva,Endangered,59.55772908
Caladenia gladiolata,Endangered,794.1374295
Caladenia graniticola,Endangered,801.1769947
Caladenia granitora,Endangered,15.70508087
Caladenia harringtoniae,Vulnerable,7534.816466
Caladenia hastata,Endangered,119.5125191
Caladenia hoffmanii,Endangered,9284.407031
Caladenia hopperiana,Endangered,41.14203532
Caladenia huegelii,Endangered,1014.191925
Caladenia insularis,Vulnerable,120.0253644
Caladenia intuta,Critically Endangered,83.48390446
Caladenia leucochila,Endangered,219.7042469
Caladenia lindleyana,Critically Endangered,71.46346815
Caladenia lodgeana,Critically Endangered,271.6833944
Caladenia lowanensis,Endangered,158.1461428
Caladenia luteola,Critically Endangered,7.335541919
Caladenia macroclavia,Endangered,272.0419639
Caladenia melanema,Critically Endangered,662.2717769
Caladenia orientalis,Endangered,198.3141225
Caladenia ornata,Vulnerable,2109.819043
Caladenia ovata,Vulnerable,706.1314396
Caladenia pallida,Critically Endangered,341.8723248
Caladenia procera,Critically Endangered,13.35131181
Caladenia pumila,Critically Endangered,351.0159058
Caladenia richardsiorum,Endangered,184.4380477
Caladenia rigida,Endangered,629.2248428
Caladenia robinsonii,Endangered,30.47668796
Caladenia rosella,Endangered,16.54757322
Caladenia saggicola,Critically Endangered,1.365209812
Caladenia sp. Kilsyth South (G.S.Lorimer 1253),Critically Endangered,0.525665734
Caladenia sylvicola,Critically Endangered,29.99199817
Caladenia tensa,Endangered,106759.6003
Caladenia tessellata,Vulnerable,27948.97126
Caladenia thysanochila,Endangered,12.84307264
Caladenia tonellii,Critically Endangered,183.9070506
Caladenia versicolor,Vulnerable,1358.687253
Caladenia viridescens,Endangered,40.76924401
Caladenia wanosa,Vulnerable,440.512398
Caladenia williamsiae,Endangered,0.551511704
Caladenia winfieldii,Endangered,65.30644651
Caladenia woolcockiorum,Vulnerable,198.4876713
Caladenia xanthochila,Endangered,137.1775032
Caladenia xantholeuca,Endangered,304.4146454
Calectasia cyanea,Critically Endangered,126.1196427
Calectasia pignattiana,Vulnerable,1208.824049
Callistemon forresterae,Vulnerable,21.94292621
Callistemon kenmorrisonii,Vulnerable,20.62274127
Callistemon megalongensis,Critically Endangered,9.438183736
Callistemon pungens,Vulnerable,20511.59293
Callistemon purpurascens,Critically Endangered,4.007245504
Callistemon wimmerensis,Critically Endangered,34.63068448
Callitris oblonga,Vulnerable,825.2379473
Callitris oblonga subsp. oblonga,Endangered,77.65495256
Calochilus cupreus,Critically Endangered,2.202623231
Calochilus psednus,Endangered,7.893597881
Calochilus richiae,Endangered,17.48764986
Calophyllum bicolor,Vulnerable,3261.325295
Calotis glandulosa,Vulnerable,8211.696701
Calotis moorei,Endangered,7483.551487
Calystegia affinis,Critically Endangered,7.772317461
Calytrix breviseta subsp. breviseta,Endangered,31.44036713
Calytrix gurulmundensis,Vulnerable,600.6192013
Canarium acutifolium,Vulnerable,471.2560965
Capparis thozetiana,Vulnerable,339.5622537
Carronia pedicellata,Endangered,2208.483307
Cassinia rugata,Vulnerable,57.55383521
Cassinia tegulata,Critically Endangered,117.458187
Centrolepis pedderensis,Endangered,617.8099784
Cepobaculum carronii,Vulnerable,18802.90665
Chamelaucium sp. Cataby (G.J.Keighery 11009),Vulnerable,11.49661979
Chamelaucium sp. Gingin (N.G.Marchant 6),Endangered,260.4822644
Chamelaucium sp. S coastal plain (R.D.Royce 4872),Vulnerable,467.6954292
Cheiranthera volubilis,Vulnerable,2501.941907
Chingia australis,Endangered,1769.58592
Chordifex abortivus,Endangered,631.2443469
Chorizema humile,Endangered,6936.476039
Chorizema varium,Endangered,6.0440388
Clausena excavata,Critically Endangered,0.31129494
Clematis dubia,Critically Endangered,6.722228019
Clematis fawcettii,Vulnerable,6963.642529
Codonocarpus pyramidalis,Vulnerable,47917.38997
Colobanthus curtisiae,Vulnerable,17138.71359
Comesperma oblongatum,Vulnerable,155.174221
Commersonia apella,Critically Endangered,182.5158288
Commersonia erythrogyna,Endangered,128.4390637
Commersonia prostrata,Endangered,5426.394401
Conospermum densiflorum subsp. unicephalatum,Endangered,1518.416899
Conospermum galeatum,Critically Endangered,192.4422702
Conospermum hookeri,Vulnerable,159.165607
Conospermum undulatum,Vulnerable,127.1333101
Conostylis dielsii subsp. teres,Endangered,2181.685502
Conostylis drummondii,Endangered,1064.874091
Conostylis lepidospermoides,Endangered,2478.651441
Conostylis micrantha,Endangered,620.8892472
Conostylis misera,Endangered,5154.110678
Conostylis rogeri,Vulnerable,142.2650847
Conostylis seorsiflora subsp. trichophylla,Endangered,93.26550282
Conostylis setigera subsp. dasys,Critically Endangered,9.188876058
Conostylis wonganensis,Endangered,99.37372153
Coopernookia georgei,Endangered,206.5946792
Coopernookia scabridiuscula,Vulnerable,186.039715
Coprosma baueri,Endangered,13.31082953
Coprosma pilosa,Endangered,3.070241988
Corchorus cunninghamii,Endangered,2949.648793
Cordyline obtecta,Vulnerable,6.722227085
Corokia whiteana,Vulnerable,161.3974065
Correa baeuerlenii,Vulnerable,1331.032486
Correa calycina,Vulnerable,188.1392507
Correa eburnea,Endangered,229.914722
Correa lawrenceana var. genoensis,Endangered,17.54632618
Corunastylis brachystachya,Endangered,38.03921936
Corunastylis ectopa,Critically Endangered,17.57407915
Corunastylis firthii,Critically Endangered,2.258497898
Corunastylis insignis,Critically Endangered,186.5570257
Corunastylis littoralis,Critically Endangered,112.9854649
Corunastylis sp. Charmhaven (NSW 896673),Critically Endangered,3.699741378
Corybas dentatus,Vulnerable,35.78313291
Corybas montanus,Vulnerable,22.6428287
Corybas sulcatus,Critically Endangered,37.91653649
Corymbia clandestina,Vulnerable,381.9265193
Corymbia leptoloma,Vulnerable,149.3241576
Corymbia rhodops,Vulnerable,280.0637578
Corymbia xanthope,Vulnerable,667.2022974
Corynocarpus rupestris subsp. rupestris,Vulnerable,70.60494634
Cossinia australiana,Endangered,32966.45714
Craspedia preminghana,Endangered,0.689854441
Crepidium lawleri,Endangered,68.09401722
Cryptocarya foetida,Vulnerable,1877.91338
Cryptostylis hunteriana,Vulnerable,20575.21936
Ctenopterella blechnoides,Vulnerable,36.66513824
Cupaniopsis shirleyana,Vulnerable,18841.77164
Cupaniopsis tomentella,Vulnerable,543.3636586
Cyathea exilis,Endangered,129.0705732
Cycas cairnsiana,Vulnerable,1711.966006
Cycas megacarpa,Endangered,18461.40312
Cycas ophiolitica,Endangered,35975.80941
Cycas platyphylla,Vulnerable,7409.377429
Cycas silvestris,Vulnerable,124.0626702
Cyclophyllum costatum,Vulnerable,146.9077563
Cynanchum elegans,Endangered,51696.39377
Cyperus cephalotes,Endangered,18.01731616
Cyperus semifertilis,Vulnerable,89.96042788
Cyphanthera odgersii subsp. occidentalis,Endangered,37.42341626
Daphnandra johnsonii,Endangered,327.7522122
Darwinia acerosa,Endangered,195.9924022
Darwinia apiculata,Endangered,7.909695821
Darwinia biflora,Vulnerable,771.4093769
Darwinia carnea,Endangered,182.3154738
Darwinia chapmaniana,Endangered,207.0880029
Darwinia collina,Endangered,30.44874934
Darwinia ferricola,Endangered,42.84717642
Darwinia foetida,Critically Endangered,73.23655921
Darwinia masonii,Vulnerable,7.637855037
Darwinia meeboldii,Vulnerable,131.5188699
Darwinia nubigena,Vulnerable,51.49658506
Darwinia oxylepis,Endangered,1235.331407
Darwinia polychroma,Endangered,149.2603878
Darwinia squarrosa,Vulnerable,31.88657494
Darwinia whicherensis,Endangered,20.51118613
Darwinia wittwerorum,Endangered,1339.709084
Dasymalla axillaris,Critically Endangered,1129.025857
Davidsonia jerseyana,Endangered,283.889265
Davidsonia johnsonii,Endangered,796.2160605
Daviesia bursarioides,Endangered,34.08639059
Daviesia cunderdin,Endangered,10.96107251
Daviesia dielsii,Endangered,192.3481545
Daviesia discolor,Vulnerable,1986.071118
Daviesia elongata subsp. elongata,Vulnerable,23.5701546
Daviesia euphorbioides,Endangered,3011.558583
Daviesia glossosema,Critically Endangered,20.31653978
Daviesia laevis,Vulnerable,970.5710006
Daviesia megacalyx,Endangered,239.5849794
Daviesia microcarpa,Endangered,82.70909164
Daviesia obovata,Endangered,16.45434109
Daviesia ovata,Critically Endangered,2.385138603
Daviesia pseudaphylla,Endangered,745.3892712
Daviesia speciosa,Endangered,894.713344
Decaspermum struckoilicum,Endangered,18.66171509
Dendrobium antennatum,Endangered,1712.329321
Dendrobium bigibbum,Vulnerable,6780.97198
Dendrobium brachypus,Endangered,6.722227085
Dendrobium johannis,Vulnerable,17995.89393
Dendrobium mirbelianum,Endangered,1308.96316
Dendrobium nindii,Endangered,3655.608249
Denhamia parvifolia,Vulnerable,5436.811924
Desmodium acanthocladum,Vulnerable,652.1974231
Deyeuxia appressa,Endangered,28.67247766
Deyeuxia drummondii,Endangered,514.4081922
Deyeuxia pungens,Vulnerable,65.01267159
Dianella amoena,Endangered,12020.79164
Dichanthium queenslandicum,Endangered,28374.59066
Dichanthium setosum,Vulnerable,347434.7123
Diospyros mabacea,Endangered,100.801611
Diplazium cordifolium,Vulnerable,2031.060213
Diplazium pallidum,Endangered,550.2471269
Diploglottis campbellii,Endangered,1809.143592
Diplolaena andrewsii,Endangered,628.2938466
Dipodium campanulatum,Endangered,44.964161
Dipodium pictum,Endangered,2180.266471
Dischidia litoralis,Vulnerable,50.5680768
Diuris aequalis,Vulnerable,1281.209056
Diuris basaltica,Endangered,142.0800706
Diuris drummondii,Vulnerable,1779.871974
Diuris eborensis,Endangered,6373.540009
Diuris flavescens,Critically Endangered,8.316545178
Diuris fragrantissima,Endangered,23.94002221
Diuris lanceolata,Endangered,238.5923874
Diuris micrantha,Vulnerable,9995.192317
Diuris ochroma,Vulnerable,328.0003434
Diuris pedunculata,Endangered,15056.10828
Diuris praecox,Vulnerable,1237.81806
Diuris purdiei,Endangered,2275.998877
Diuris venosa,Vulnerable,168.4858792
Dodonaea procumbens,Vulnerable,26361.20196
Dodonaea rupicola,Vulnerable,23.54470556
Dodonaea subglandulifera,Endangered,2266.897616
Drakaea concolor,Vulnerable,1818.16392
Drakaea confluens,Endangered,379.2394108
Drakaea elastica,Endangered,4610.426634
Drakaea isolata,Endangered,1.941223572
Drakaea micrantha,Vulnerable,10407.71529
Drosera prolifera,Vulnerable,188.1086857
Drosera schizandra,Vulnerable,8.28363761
Drummondita ericoides,Endangered,570.9418659
Drummondita longifolia,Vulnerable,23.22778162
Duma horrida subsp. abdita,Critically Endangered,1553.089337
Dysoxylum bijugum,Vulnerable,6.754542586
Eidothea hardeniana,Critically Endangered,15.14498885
Elaeocarpus sedentarius,Endangered,33.625981
Elaeocarpus williamsianus,Endangered,128.9208633
Elatostema montanum,Critically Endangered,6.722227085
Eleocharis keigheryi,Vulnerable,1312.594298
Eleocharis obicis,Vulnerable,1113.761765
Eleocharis papillosa,Vulnerable,451.1355674
Eleocharis retroflexa,Vulnerable,232.5274963
Elymus multiflorus subsp. kingianus,Critically Endangered,20.76455924
Endiandra cooperana,Endangered,29.2906164
Endiandra floydii,Endangered,1761.699184
Endiandra hayesii,Vulnerable,1483.199664
Epacris apsleyensis,Endangered,39.99791885
Epacris barbata,Endangered,314.8822484
Epacris exserta,Endangered,7358.533241
Epacris glabella,Endangered,40.97158413
Epacris grandis,Endangered,142.7625971
Epacris graniticola,Critically Endangered,94.53844443
Epacris hamiltonii,Endangered,43.0078626
Epacris limbata,Critically Endangered,8.777545999
Epacris sparsa,Vulnerable,16.34944884
Epacris stuartii,Critically Endangered,0.554655272
Epacris virgata,Endangered,530.4363981
Epilobium brunnescens subsp. beaugleholei,Vulnerable,4.079459947
Eremochloa muricata,Endangered,9.218148282
Eremophila ciliata,Endangered,3.164970704
Eremophila denticulata subsp. denticulata,Vulnerable,2455.94187
Eremophila denticulata subsp. trisulcata,Endangered,1166.342106
Eremophila glabra subsp. chlorella,Endangered,132.8445406
Eremophila glabra subsp. Scaddan (C. Turley s.n. 10/11/2005),Critically Endangered,
Eremophila koobabbiensis,Critically Endangered,8.049080016
Eremophila lactea,Endangered,850.3064907
Eremophila nivea,Endangered,2882.717939
Eremophila pinnatifida,Endangered,253.1211264
Eremophila prostrata,Vulnerable,241.3585837
Eremophila resinosa,Endangered,5037.516643
Eremophila rostrata,Critically Endangered,42.97480934
Eremophila scaberula,Endangered,334.1120479
Eremophila sp. Narrow leaves (J.D.Start D12-150),Critically Endangered,403.8876067
Eremophila subteretifolia,Endangered,2904.940483
Eremophila ternifolia,Endangered,45.39822654
Eremophila vernicosa,Vulnerable,24.85152955
Eremophila verticillata,Endangered,4620.695087
Eremophila virens,Endangered,5244.076284
Eremophila viscida,Endangered,18649.19573
Eriocaulon australasicum,Endangered,122.4690666
Eriocaulon carsonii,Endangered,1401.31813
Eryngium fontanum,Endangered,80.30322356
Eucalyptus absita,Endangered,1494.538617
Eucalyptus aggregata,Vulnerable,26244.0435
Eucalyptus alligatrix subsp. limaensis,Endangered,195.0196298
Eucalyptus alligatrix subsp. miscella,Vulnerable,2.59864665
Eucalyptus aquatica,Vulnerable,10.67444323
Eucalyptus argophloia,Vulnerable,347.91204
Eucalyptus argutifolia,Vulnerable,564.6787718
Eucalyptus articulata,Vulnerable,71.13225386
Eucalyptus beaniana,Vulnerable,285.1719481
Eucalyptus beardiana,Vulnerable,3550.667617
Eucalyptus benthamii,Vulnerable,218.5480855
Eucalyptus brevipes,Endangered,2556.521496
Eucalyptus burdettiana,Endangered,10.88064724
Eucalyptus cadens,Vulnerable,657.5730497
Eucalyptus caleyi subsp. ovendenii,Vulnerable,1312.222525
Eucalyptus camfieldii,Vulnerable,1669.010582
Eucalyptus canobolensis,Endangered,149.5696066
Eucalyptus ceracea,Vulnerable,243.8845806
Eucalyptus conglomerata,Endangered,423.7011947
Eucalyptus copulans,Endangered,5.739836774
Eucalyptus coronata,Vulnerable,33.55726439
Eucalyptus crenulata,Endangered,11.42186121
Eucalyptus crispata,Vulnerable,321.3550995
Eucalyptus crucis subsp. crucis,Vulnerable,179.0936939
Eucalyptus crucis subsp. praecipua,Endangered,5.184508206
Eucalyptus cuprea,Endangered,2480.399211
Eucalyptus dolorosa,Endangered,14.98009481
Eucalyptus glaucina,Vulnerable,13814.14152
Eucalyptus gunnii subsp. divaricata,Endangered,3298.731429
Eucalyptus hallii,Vulnerable,914.6509628
Eucalyptus imlayensis,Endangered,0.39276542
Eucalyptus impensa,Endangered,1698.828319
Eucalyptus infera,Vulnerable,60.50974152
Eucalyptus insularis,Endangered,85.65898309
Eucalyptus johnsoniana,Vulnerable,206.8924403
Eucalyptus kabiana,Vulnerable,2.109418377
Eucalyptus kartzoffiana,Vulnerable,48.72804928
Eucalyptus langleyi,Vulnerable,226.1686944
Eucalyptus largeana,Endangered,143.7039614
Eucalyptus lateritica,Vulnerable,535.0005093
Eucalyptus leprophloia,Endangered,1846.969171
Eucalyptus macarthurii,Endangered,2537.721141
Eucalyptus mckieana,Vulnerable,7812.291852
Eucalyptus merrickiae,Vulnerable,1064.094578
Eucalyptus mooreana,Vulnerable,334.6824332
Eucalyptus morrisbyi,Endangered,13.71609404
Eucalyptus nicholii,Vulnerable,21113.95962
Eucalyptus pachycalyx subsp. banyabba,Endangered,19.71856818
Eucalyptus paedoglauca,Vulnerable,90.2092474
Eucalyptus paludicola,Endangered,67.0728604
Eucalyptus parramattensis subsp. decadens,Vulnerable,534.8926583
Eucalyptus parvula,Vulnerable,904.5554087
Eucalyptus platydisca,Vulnerable,35.27336858
Eucalyptus pruiniramis,Endangered,400.44219
Eucalyptus pulverulenta,Vulnerable,5929.759595
Eucalyptus pumila,Vulnerable,26.70240162
Eucalyptus raveretiana,Vulnerable,6632.584766
Eucalyptus recta,Endangered,189.5599846
Eucalyptus recurva,Critically Endangered,28.71120664
Eucalyptus rhodantha,Vulnerable,607.8787921
Eucalyptus robertsonii subsp. hemisphaerica,Vulnerable,167.4206414
Eucalyptus rubida subsp. barbigerorum,Vulnerable,1071.702617
Eucalyptus scoparia,Vulnerable,144.5366567
"Eucalyptus sp. Cattai (Gregson s.n., 28 Aug 1954)",Critically Endangered,108.3126979
Eucalyptus sp. Howes Swamp Creek (M.Doherty 26),Endangered,91.91787453
Eucalyptus steedmanii,Vulnerable,94.49835296
Eucalyptus strzeleckii,Vulnerable,4013.312473
Eucalyptus suberea,Vulnerable,605.6418175
Eucalyptus synandra,Vulnerable,17003.49798
Eucalyptus tetrapleura,Vulnerable,2054.638307
Eucalyptus virens,Vulnerable,12261.84322
Eucalyptus x balanites,Endangered,138.7560604
Eucalyptus x phylacis,Endangered,44.00123194
Eucryphia wilkiei,Vulnerable,32.49834255
Euphorbia carissoides,Vulnerable,12855.20513
Euphorbia norfolkiana,Critically Endangered,10.97554331
Euphorbia obliqua,Vulnerable,12.78889382
Euphrasia amphisysepala,Vulnerable,4.872308054
Euphrasia arguta,Critically Endangered,5732.885501
Euphrasia bella,Vulnerable,366.6973117
Euphrasia bowdeniae,Vulnerable,10.71867697
Euphrasia collina subsp. muelleri,Endangered,351.2569893
Euphrasia collina subsp. osbornii,Endangered,250.7785271
Euphrasia crassiuscula subsp. glandulifera,Vulnerable,32.7575312
Euphrasia eichleri,Vulnerable,175.9563755
Euphrasia fragosa,Critically Endangered,18.23802841
Euphrasia gibbsiae subsp. psilantherea,Critically Endangered,5.256607328
Euphrasia phragmostoma,Vulnerable,3.131851235
Euphrasia semipicta,Endangered,47.79352494
Euphrasia sp. Bivouac Bay (W.R.Barker 7626 et al.),Endangered,11.20760538
Fimbristylis adjuncta,Endangered,20.15910645
Floydia praealta,Vulnerable,3372.782479
Fontainea australis,Vulnerable,1274.648141
Fontainea oraria,Critically Endangered,0.442517819
Fontainea rostrata,Vulnerable,1460.026275
Fontainea venosa,Vulnerable,263.2951251
Frankenia conferta,Endangered,21.50546424
Frankenia parvula,Endangered,107.3947818
Frankenia plicata,Endangered,350209.7168
Galium antarcticum,Critically Endangered,3.092430747
Gardenia actinocarpa,Endangered,15.21024786
Gardenia psidioides,Vulnerable,372.9095566
Gastrolobium appressum,Vulnerable,130.9472831
Gastrolobium argyrotrichum,Critically Endangered,2.594779562
Gastrolobium diabolophyllum,Critically Endangered,2206.05505
Gastrolobium glaucum,Endangered,21.41399362
Gastrolobium graniticum,Endangered,4205.962365
Gastrolobium hamulosum,Endangered,3342.402329
Gastrolobium humile,Endangered,284.8018681
Gastrolobium lehmannii,Vulnerable,42.57437542
Gastrolobium luteifolium,Critically Endangered,288.0944186
Gastrolobium modestum,Vulnerable,6.288613314
Gastrolobium papilio,Endangered,29.21968373
Gastrolobium vestitum,Critically Endangered,5.307960403
Gaultheria viridicarpa J.B.Williams subsp. viridicarpa ms.,Vulnerable,18.06079985
Geniostoma huttonii,Endangered,0.923662967
Genoplesium baueri,Endangered,4137.817383
Genoplesium plumosum,Endangered,15.39551938
Genoplesium rhyoliticum,Endangered,78.24700433
Genoplesium tectum,Endangered,21.21455882
Genoplesium vernale,Vulnerable,1286.033722
Gentiana baeuerlenii,Endangered,64.23614348
Gentiana bredboensis,Critically Endangered,4.797879705
Gentiana wingecarribiensis,Endangered,111.307395
Gentiana wissmannii,Vulnerable,146.2471493
Germainia capitata,Vulnerable,901.0105173
Gingidia rupicola,Endangered,70.51932323
Glyceria drummondii,Endangered,208.5127758
Glycine latrobeana,Vulnerable,87254.62756
Goodenia arthrotricha,Endangered,402.3910538
Goodenia integerrima,Vulnerable,403.2477765
Goodenia quadrifida,Vulnerable,791.278715
Gossia fragrantissima,Endangered,1373.415695
Gossia gonoclada,Endangered,59.68157673
Graptophyllum ilicifolium,Vulnerable,65.87628185
Graptophyllum reticulatum,Endangered,20.47228363
Grevillea acanthifolia subsp. paludosa,Endangered,78.10171839
Grevillea acropogon,Endangered,13.49293423
Grevillea althoferorum,Endangered,146.751712
Grevillea banyabba,Vulnerable,305.6317201
Grevillea batrachioides,Endangered,201.300005
Grevillea beadleana,Endangered,340.0910384
Grevillea bedggoodiana,Vulnerable,106.7619918
Grevillea brachystylis subsp. australis,Vulnerable,24.12568909
Grevillea brachystylis subsp. grandis,Critically Endangered,166.7838469
Grevillea bracteosa subsp. howatharra,Critically Endangered,113.2485544
Grevillea caleyi,Critically Endangered,92.80243116
Grevillea calliantha,Endangered,28.7408138
Grevillea celata,Vulnerable,69.46406791
Grevillea christineae,Endangered,2198.89616
Grevillea corrugata,Endangered,1357.339856
Grevillea curviloba subsp. curviloba,Endangered,220.8505209
Grevillea curviloba subsp. incurva,Endangered,484.1966646
Grevillea dryandroides subsp. dryandroides,Endangered,18.87259167
Grevillea dryandroides subsp. hirsuta,Endangered,14045.48231
Grevillea elongata,Vulnerable,38.83358097
Grevillea evansiana,Vulnerable,249.2222669
Grevillea flexuosa,Vulnerable,73.57960094
Grevillea floripendula,Vulnerable,49.00228899
Grevillea glossadenia,Vulnerable,1480.450872
Grevillea guthrieana,Endangered,267.5086079
Grevillea humifusa,Endangered,98.84588385
Grevillea iaspicula,Endangered,34.24770579
Grevillea infecunda,Vulnerable,192.2516236
Grevillea infundibularis,Endangered,77.89081759
Grevillea involucrata,Endangered,826.3257817
Grevillea kennedyana,Vulnerable,843.5271277
Grevillea maccutcheonii,Endangered,29.60721595
Grevillea masonii,Endangered,56.7631002
Grevillea maxwellii,Endangered,503.2545669
Grevillea mollis,Endangered,14.99644492
Grevillea molyneuxii,Endangered,154.0558081
Grevillea montis-cole subsp. brevistyla,Vulnerable,4.548735902
Grevillea murex,Endangered,111.7222351
Grevillea obtusiflora,Endangered,76.43297797
Grevillea parviflora subsp. parviflora,Vulnerable,2153.360538
Grevillea pythara,Endangered,958.1928539
Grevillea quadricauda,Vulnerable,753.0193154
Grevillea rara,Endangered,3.895121475
Grevillea rhizomatosa,Vulnerable,56.50074753
Grevillea rivularis,Endangered,1.95712979
Grevillea scapigera,Endangered,2278.860517
Grevillea scortechinii subsp. scortechinii,Vulnerable,291.4387118
Grevillea shiressii,Vulnerable,414.1309493
Grevillea sp. Gillingarra (R.J.Cranfield 4087),Critically Endangered,22.83130536
Grevillea thelemanniana,Critically Endangered,14.10231784
Grevillea treueriana,Vulnerable,3.18899398
Grevillea wilkinsonii,Endangered,60.93238977
Guichenotia seorsiflora,Critically Endangered,85.57559944
Gyrostemon reticulatus,Critically Endangered,12124.77146
Habenaria maccraithii,Endangered,68.85449467
Hakea aculeata,Vulnerable,70.85965898
Hakea archaeoides,Vulnerable,31.53460905
Hakea dohertyi,Endangered,124.4926967
Hakea fraseri,Vulnerable,140.3108834
Hakea maconochieana,Vulnerable,11247.28755
Hakea megalosperma,Vulnerable,3635.370261
Hakea pulvinifera,Endangered,67.85596104
Hakea trineura,Vulnerable,888.6499778
Haloragis exalata subsp. exalata,Vulnerable,3989.10162
Haloragis exalata subsp. velutina,Vulnerable,16413.10359
Haloragis eyreana,Endangered,658.2965551
Haloragis platycarpa,Critically Endangered,35.67281432
Haloragodendron lucasii,Endangered,1084.696618
Helicteres macrothrix,Endangered,43.95259975
Hemiandra gardneri,Endangered,5589.819654
Hemiandra rutilans,Endangered,345.3860822
Hemigenia ramosissima,Critically Endangered,105.7432029
Hensmania chapmanii,Vulnerable,106.7904031
Hexaspora pubescens,Vulnerable,33.59189633
Hibbertia abyssus,Critically Endangered,19.17968635
Hibbertia basaltica,Endangered,58.69973937
Hibbertia crispula,Vulnerable,13275.13024
Hibbertia humifusa subsp. debilis,Vulnerable,22.64194402
Hibbertia humifusa subsp. erigens,Vulnerable,892.7285517
Hibbertia marginata,Vulnerable,570.290231
Hibbertia priceana,Critically Endangered,114.1187473
Hibbertia puberula subsp. glabrescens,Critically Endangered,3.711528071
Hibbertia sp. Toolbrunup (J.R.Wheeler 2504),Critically Endangered,5.440471485
Hibbertia spanantha,Critically Endangered,0.163919548
Hibbertia tenuis,Critically Endangered,88.21731323
Hibiscus brennanii,Vulnerable,334.351308
Hibiscus cravenii,Vulnerable,35.08885633
Hibiscus insularis,Critically Endangered,2.507475565
Hicksbeachia pinnatifolia,Vulnerable,2030.908556
Homopholis belsonii,Vulnerable,211.7372206
Homoranthus bebo,Critically Endangered,7.7993358
Homoranthus darwinioides,Vulnerable,11589.97977
Homoranthus decumbens,Endangered,2938.494987
Homoranthus lunatus,Vulnerable,68.07242114
Homoranthus montanus,Vulnerable,222.3474487
Homoranthus porteri,Vulnerable,608.273954
Homoranthus prolixus,Vulnerable,369.2813118
Hoya australis subsp. oramicola,Vulnerable,9.123658456
Hybanthus cymulosus,Critically Endangered,532.4679314
Hydriastele costata,Vulnerable,224.8257727
Hypocalymma angustifolium subsp. Hutt River (S.Patrick 2982),Endangered,28.57355045
Hypocalymma longifolium,Vulnerable,70.44913104
Hypocalymma sp. Cascade (R. Bruhn 20896),Endangered,37.67307005
Hypocalymma sylvestre,Endangered,181.496103
Hypolepis dicksonioides,Vulnerable,40.24856957
Hypolepis distans,Endangered,1179.812892
Ileostylus micranthus,Vulnerable,4.567584289
Indigofera efoliata,Endangered,299.4727352
Irenepharsus trypherus,Endangered,127.9422251
Isoglossa eranthemoides,Endangered,78.40555181
Isopogon fletcheri,Vulnerable,32.92065133
Isopogon robustus,Critically Endangered,106.8594979
Isopogon uncinatus,Endangered,2061.036455
Ixodia achillaeoides subsp. arenicola,Vulnerable,1517.935332
Jacksonia pungens,Endangered,846.4225221
Jacksonia quairading,Endangered,25.3853298
Jacksonia velveta,Endangered,34.57238728
Kardomia granitica,Vulnerable,157.4423943
Kelleria bogongensis,Vulnerable,7.576197805
Kennedia glabrata,Vulnerable,8051.377981
Kennedia lateritia,Endangered,2.441762313
Kennedia retrorsa,Vulnerable,214.1435353
Keraudrenia exastia,Critically Endangered,1.194570421
Kunzea cambagei,Vulnerable,3952.632306
Kunzea ericifolia subsp. subulata,Vulnerable,7.235734999
Kunzea rupestris,Vulnerable,423.9079059
Kunzea similis subsp. similis,Critically Endangered,2.668420017
Lachnagrostis adamsonii,Endangered,11869.3566
Lachnagrostis limitanea,Endangered,41.05632129
Lambertia echinata subsp. echinata,Endangered,427.3063824
Lambertia echinata subsp. occidentalis,Endangered,46.19532817
Lambertia fairallii,Endangered,418.2091731
Lambertia orbifolia,Endangered,178.9995665
Lasiopetalum joyceae,Vulnerable,298.533336
Lasiopetalum longistamineum,Vulnerable,14.03230107
Lasiopetalum pterocarpum,Endangered,88.69063073
Lasiopetalum rotundifolium,Endangered,19.01622795
Lasiopetalum sp. Mount Caroline (S.D. Hopper SDH 6381),Critically Endangered,6.500546465
Lasiopetalum sp. Proston (J.A.Baker 17),Critically Endangered,36.2238533
Lastreopsis calantha,Endangered,2.908550243
Lastreopsis walleri,Vulnerable,2402.347325
Latrobea colophona,Critically Endangered,127.539982
Lawrencia buchananensis,Vulnerable,183.5126129
Lechenaultia chlorantha,Vulnerable,122.0402653
Lechenaultia laricina,Endangered,138.9680702
Leiocarpa gatesii,Vulnerable,178.9774759
Leionema equestre,Endangered,241.6296181
Leionema lachnaeoides,Endangered,176.987617
Leionema obtusifolium,Vulnerable,20.26066545
Leionema ralstonii,Vulnerable,141.866643
Leionema sympetalum,Vulnerable,182.2778413
Lepidium aschersonii,Vulnerable,1016.073549
Lepidium ginninderrense,Vulnerable,32.35573088
Lepidium hyssopifolium,Endangered,16855.73065
Lepidium monoplocoides,Endangered,98968.52104
Lepidium peregrinum,Endangered,3420.450858
Lepidium pseudopapillosum,Vulnerable,124.1567205
Lepidorrhachis mooreana,Critically Endangered,0.577260711
Lepidosperma rostratum,Endangered,1601.591889
Leptomeria dielsiana,Vulnerable,55.75143159
Leptospermum deanei,Vulnerable,117.6450535
Leptospermum thompsonii,Vulnerable,29.89260203
Leucochrysum albicans var. tricolor,Endangered,49796.25654
Leucopogon confertus,Endangered,107.0585114
Leucopogon exolasius,Vulnerable,291.5532051
Leucopogon gnaphalioides,Endangered,32.33082054
Leucopogon marginatus,Endangered,2609.981272
Leucopogon nitidus,Endangered,6.887761714
Leucopogon obtectus,Endangered,1264.78641
Leucopogon sp. Coolmunda (D.Halford Q1635),Endangered,25.70330302
"Leucopogon sp. Flynn (F.Hort, J.Hort & A.Lowrie 859)",Critically Endangered,1.609359531
Leucopogon sp. Ongerup (A.S. George 16682),Vulnerable,66.30747888
Leucopogon spectabilis,Critically Endangered,218.6848992
Limonium australe var. baudinii,Vulnerable,23.24545325
Limosella granitica,Vulnerable,1271.53176
Lindsaea pulchella var. blanda,Vulnerable,1339.510731
Livistona lanuginosa,Vulnerable,310.9278201
Livistona mariae subsp. mariae,Endangered,30.15600979
Lobelia gelida,Vulnerable,97.81630462
Logania diffusa,Vulnerable,257.3194974
Logania insularis,Vulnerable,5.010239026
Lomatia tasmanica,Critically Endangered,74.56476931
Lychnothamnus barbatus,Endangered,56.56537406
Lysiosepalum abollatum,Critically Endangered,181.7146417
Macadamia integrifolia,Vulnerable,7636.593042
Macadamia jansenii,Endangered,314.3052303
Macadamia ternifolia,Vulnerable,3291.941075
Macadamia tetraphylla,Vulnerable,5886.632166
Macarthuria keigheryi,Endangered,545.7375135
Macropteranthes montana,Vulnerable,8284.890209
Macrozamia conferta,Vulnerable,380.3687204
Macrozamia cranei,Endangered,322.4158033
Macrozamia lomandroides,Endangered,467.6375857
Macrozamia macdonnellii,Vulnerable,17258.61891
Macrozamia machinii,Vulnerable,519.5051668
Macrozamia occidua,Vulnerable,184.0040287
Macrozamia parcifolia,Vulnerable,343.1562105
Macrozamia pauli-guilielmi,Endangered,9629.695415
Macrozamia platyrhachis,Endangered,1425.258566
Maireana cheelii,Vulnerable,26019.08675
Marattia salicina,Endangered,1.992925765
Marianthus paralius,Endangered,17.8755691
Marsdenia brevifolia,Vulnerable,10020.83493
Marsdenia longiloba,Vulnerable,21151.2078
Marsdenia paludicola,Vulnerable,250.9312436
Medicosma elliptica,Vulnerable,111.2577577
Medicosma obovata,Vulnerable,111.218675
Melaleuca biconvexa,Vulnerable,981.3889022
Melaleuca deanei,Vulnerable,534.8430303
Melaleuca kunzeoides,Vulnerable,203.0550846
Melaleuca sciotostyla,Endangered,159.0037125
Melaleuca sp. Wanneroo (G.J. Keighery 16705),Endangered,1.950866907
Melichrus sp. Gibberagee (Benwell 97239),Endangered,78.13766361
Melichrus sp. Newfoundland State Forest (P.Gilmour 7852),Endangered,1379.721827
Melicope littoralis,Vulnerable,8.036456369
Melicytus latifolius,Critically Endangered,8.036456369
Melicytus ramiflorus subsp. oblongifolius,Vulnerable,6.905027665
Meryta angustifolia,Vulnerable,8.036456369
Meryta latifolia,Critically Endangered,36.62070363
Microcarpaea agonis,Endangered,28.30554071
Microcorys eremophiloides,Vulnerable,148.7334
Microlepidium alatum,Vulnerable,596.7538172
Micromyrtus blakelyi,Vulnerable,154.3284985
Micromyrtus grandis,Endangered,5.482003089
Micromyrtus minutiflora,Vulnerable,201.8886449
Microtis angusii,Endangered,6.541267626
Microtis globula,Vulnerable,14.52203793
Minuria tridens,Vulnerable,7673.203622
Mitrella tiwiensis,Vulnerable,45.91505388
Muehlenbeckia australis,Endangered,37.76261859
Muehlenbeckia tuggeranong,Endangered,18.5884617
Myoporum cordifolium,Vulnerable,1863.906373
Myoporum obscurum,Critically Endangered,37.76261859
Myriophyllum coronatum,Vulnerable,2.043833095
Myriophyllum lapidicola,Endangered,401.8754897
Myriophyllum porcatum,Vulnerable,3604.98699
Myrmecodia beccarii,Vulnerable,11087.12779
Myrsine ralstoniae,Vulnerable,37.76261859
Myrsine richmondensis,Endangered,100.8942736
Neisosperma kilneri,Vulnerable,108.8002667
Nematoceras dienemum,Critically Endangered,14.22125855
Nematolepis frondosa,Vulnerable,5.427839252
Nematolepis rhytidophylla,Vulnerable,1.120837496
Nematolepis squamea subsp. coriacea,Vulnerable,20.38033015
Nematolepis wilsonii,Vulnerable,5.663275912
Neoastelia spectabilis,Vulnerable,74.57356973
Neoroepera buxifolia,Vulnerable,420.4456893
Newcastelia velutina,Vulnerable,21.4467293
Notelaea ipsviciensis,Critically Endangered,5.271815356
Notelaea lloydii,Vulnerable,856.015544
Oberonia attenuata,Critically Endangered,7.120507576
Ochrosia moorei,Endangered,1211.109352
Olax angulata,Vulnerable,84.89485246
Olearia arckaringensis,Endangered,3.816676555
Olearia astroloba,Vulnerable,3.175560973
Olearia cordata,Vulnerable,813.0369018
Olearia flocktoniae,Endangered,921.3025455
Olearia hygrophila,Endangered,42.37899598
Olearia macdonnellensis,Vulnerable,504.9713438
Olearia microdisca,Endangered,276.826066
Olearia pannosa subsp. pannosa,Vulnerable,14945.53828
Omphalea celata,Vulnerable,14385.8915
Oreogrammitis reinwardtii,Vulnerable,47.34499281
Ornduffia calthifolia,Endangered,11.4201858
Owenia cepiodora,Vulnerable,3694.967772
Ozothamnus eriocephalus,Vulnerable,385.7390074
Ozothamnus reflexifolius,Vulnerable,15.28290399
Ozothamnus tesselatus,Vulnerable,515.9060488
Ozothamnus vagans,Vulnerable,310.8258898
Pandanus spiralis var. flammeus,Endangered,10.08221974
Paracaleana dixonii,Endangered,5280.992852
Paragoodia crenulata,Critically Endangered,358.388767
Parsonsia dorrigoensis,Endangered,5759.760072
Parsonsia larcomensis,Vulnerable,173.2045741
Paspalidium grandispiculatum,Vulnerable,465.6838166
Patersonia spirifolia,Endangered,114.9652087
Pelargonium sp. Striatellum (G.W.Carr 10345),Endangered,118.502354
Pennantia endlicheri,Endangered,8.036456369
Persicaria elatior,Vulnerable,8249.775899
Persoonia acerosa,Vulnerable,1661.605291
Persoonia bargoensis,Vulnerable,335.4278497
Persoonia glaucescens,Vulnerable,516.5819628
Persoonia hirsuta,Endangered,8152.607078
Persoonia marginata,Vulnerable,221.8346757
Persoonia micranthera,Endangered,80.23640227
Persoonia mollis subsp. maxima,Endangered,24.59346133
Persoonia nutans,Endangered,280.4766378
Persoonia pauciflora,Critically Endangered,7.839130063
Petrophile latericola,Endangered,181.7077237
Petrophile nivea,Vulnerable,7.07657828
Phaius australis,Endangered,3987.5733
Phaius bernaysii,Endangered,279.6784092
Phaius pictus,Vulnerable,6669.855252
Phalaenopsis amabilis subsp. rosenstromii,Endangered,2773.721877
Phaleria biflora,Vulnerable,1274.676118
Phebalium daviesii,Critically Endangered,225.5297604
Phebalium distans,Critically Endangered,5273.13483
Phebalium glandulosum subsp. eglandulosum,Vulnerable,578.1311471
Phebalium lowanense,Vulnerable,4911.473934
Phebalium speciosum,Critically Endangered,3.365700147
Phebalium whitei,Vulnerable,67.34459165
Pherosphaera fitzgeraldii,Endangered,40.37477827
Philotheca basistyla,Endangered,22.66323278
Philotheca falcata,Critically Endangered,42.81058299
Philotheca freyciana,Endangered,12.03636148
Philotheca sporadica,Vulnerable,1764.587227
Philotheca wonganensis,Endangered,107.0707214
Phlegmariurus carinatus,Endangered,389.2564853
Phlegmariurus dalhousieanus,Endangered,3048.522907
Phlegmariurus filiformis,Endangered,1766.125547
Phlegmariurus lockyeri,Vulnerable,572.0996607
Phlegmariurus marsupiiformis,Vulnerable,2270.74173
Phlegmariurus squarrosus,Critically Endangered,371.9589661
Phlegmariurus tetrastichoides,Vulnerable,1055.823295
Phreatia limenophylax,Critically Endangered,7.174701154
Phreatia paleata,Endangered,3.824316569
Phyllota humifusa,Vulnerable,131.2849159
Picris evae,Vulnerable,3726.446941
Pimelea axiflora subsp. pubescens,Endangered,12.1928867
Pimelea curviflora var. curviflora,Vulnerable,776.3023217
Pimelea leptospermoides,Vulnerable,884.5384384
Pimelea pagophila,Vulnerable,123.1808613
Pimelea spicata,Endangered,1943.910996
Pimelea spinescens subsp. pubiflora,Critically Endangered,757.6874412
Pimelea spinescens subsp. spinescens,Critically Endangered,36484.64154
Pimelea venosa,Endangered,45.62918703
Pittosporum bracteolatum,Vulnerable,37.76261859
Pityrodia augustensis,Vulnerable,28287.92569
Pityrodia scabra,Endangered,1028.482538
Pityrodia sp. Marble Bar (G.Woodman & D.Coultas GWDC Opp 4),Endangered,430.1294608
Planchonella costata,Endangered,6.754542586
Planchonella eerwah,Endangered,435.1199052
Plectranthus gratus,Vulnerable,105.0779426
Plectranthus habrophyllus,Endangered,167.2712521
Plectranthus leiperi,Vulnerable,254.2563208
Plectranthus nitidus,Endangered,4557.443614
Plectranthus omissus,Endangered,282.2389907
Plectranthus torrenticola,Endangered,272.1169632
Plesioneuron tuberculatum,Endangered,155.0126169
Pleuropappus phyllocalymmeus,Vulnerable,363.2944037
Plinthanthesis rodwayi,Vulnerable,1.926697806
Pneumatopteris truncata,Critically Endangered,4.708686461
Poa sallacustris,Vulnerable,3138.586168
Polianthion minutiflorum,Vulnerable,777.9598535
Polyphlebium endlicherianum,Endangered,3271.733071
Polyscias bellendenkerensis,Vulnerable,954.1935625
Polystichum moorei,Endangered,12.00882055
Pomaderris brunnea,Vulnerable,6791.751595
Pomaderris clivicola,Vulnerable,36.90312846
Pomaderris cocoparrana,Endangered,154.7963424
Pomaderris cotoneaster,Endangered,7692.670744
Pomaderris delicata,Critically Endangered,462.6016835
Pomaderris gilmourii var. cana,Vulnerable,15.96542661
Pomaderris halmaturina subsp. halmaturina,Vulnerable,325.8366801
Pomaderris pallida,Vulnerable,6467.360047
Pomaderris parrisiae,Vulnerable,1789.480917
Pomaderris pilifera subsp. talpicutica,Vulnerable,13.82393659
Pomaderris reperta,Critically Endangered,47.95427683
Pomaderris sericea,Vulnerable,169.9654188
Pomaderris subplicata,Vulnerable,78.16283553
Pomaderris vacciniifolia,Critically Endangered,2196.543863
Poranthera petalifera,Vulnerable,30.70339481
Prasophyllum affine,Endangered,122.8194064
Prasophyllum amoenum,Endangered,22.75709545
Prasophyllum apoxychilum,Endangered,1085.828581
Prasophyllum atratum,Critically Endangered,0.412729772
Prasophyllum bagoense,Critically Endangered,683.1384619
Prasophyllum castaneum,Critically Endangered,85.16985293
Prasophyllum colemaniae,Vulnerable,111.8550966
Prasophyllum correctum,Endangered,333.0038499
Prasophyllum crebriflorum,Endangered,191.5088128
Prasophyllum diversiflorum,Endangered,392.9773059
Prasophyllum favonium,Critically Endangered,89.48917984
Prasophyllum frenchii,Endangered,39096.75182
Prasophyllum fuscum,Vulnerable,203.1860403
Prasophyllum goldsackii,Endangered,99.90545078
Prasophyllum incorrectum,Critically Endangered,207.4124618
Prasophyllum innubum,Critically Endangered,344.3837065
Prasophyllum keltonii,Critically Endangered,339.5885104
Prasophyllum laxum,Critically Endangered,23.11165485
Prasophyllum limnetes,Critically Endangered,0.29686733
Prasophyllum milfordense,Critically Endangered,3.516919434
Prasophyllum morganii,Vulnerable,366.2851235
Prasophyllum murfetii,Critically Endangered,50.45608367
Prasophyllum olidum,Critically Endangered,1.045271423
Prasophyllum pallidum,Vulnerable,6247.427416
Prasophyllum perangustum,Critically Endangered,2.321544447
Prasophyllum petilum,Endangered,8.744063369
Prasophyllum pruinosum,Endangered,631.3581986
Prasophyllum pulchellum,Critically Endangered,98.53566143
Prasophyllum robustum,Critically Endangered,11.44322032
Prasophyllum secutum,Endangered,3038.776868
Prasophyllum sp. Wybong (C.Phelps ORG 5269),Critically Endangered,399.7183353
Prasophyllum spicatum,Vulnerable,10860.3799
Prasophyllum stellatum,Critically Endangered,254.275629
Prasophyllum suaveolens,Endangered,2517.960862
Prasophyllum subbisectum,Endangered,60.58585278
Prasophyllum taphanyx,Critically Endangered,0.843630317
Prasophyllum tunbridgense,Endangered,167.9962308
Prasophyllum validum,Vulnerable,698.5101866
Prasophyllum wallum,Vulnerable,147.1973138
Prostanthera albohirta,Critically Endangered,4.316449733
Prostanthera askania,Endangered,33.19297177
Prostanthera calycina,Vulnerable,3265.15864
Prostanthera cineolifera,Vulnerable,253.6828832
Prostanthera clotteniana,Critically Endangered,146.7464941
Prostanthera cryptandroides subsp. cryptandroides,Vulnerable,1095.931348
Prostanthera densa,Vulnerable,149.592124
Prostanthera discolor,Vulnerable,340.2895402
Prostanthera eurybioides,Endangered,29.45820729
Prostanthera galbraithiae,Vulnerable,86.50626868
Prostanthera junonis,Endangered,97.58534184
Prostanthera marifolia,Critically Endangered,0.655453442
Prostanthera nudula,Vulnerable,457.1631703
Prostanthera palustris,Vulnerable,196.8989804
Prostanthera schultzii,Vulnerable,774.4250746
Prostanthera sp. Dunmore (D.M.Gordon 8A),Vulnerable,371.7009874
Prostanthera spathulata,Vulnerable,8.717287965
Prostanthera staurophylla,Vulnerable,215.2606176
Prostanthera stricta,Vulnerable,147.2028806
Pteris kingiana,Endangered,40.24856957
Pteris zahlbruckneriana,Endangered,37.76261859
Pterostylis arenicola,Vulnerable,856.8528585
Pterostylis basaltica,Endangered,32.0210167
Pterostylis bicornis,Vulnerable,41.32331341
Pterostylis bryophila,Critically Endangered,45.50847892
Pterostylis cheraphila,Vulnerable,6286.123878
Pterostylis chlorogramma,Vulnerable,11775.48381
Pterostylis commutata,Critically Endangered,2595.835974
Pterostylis cucullata,Vulnerable,2527.26923
Pterostylis despectans,Endangered,402.5279309
Pterostylis gibbosa,Endangered,668.2883805
Pterostylis lepida,Endangered,9.235647597
Pterostylis mirabilis,Vulnerable,1630.287908
Pterostylis oreophila,Critically Endangered,10845.93913
Pterostylis pratensis,Vulnerable,843.7539963
Pterostylis psammophila,Critically Endangered,2.647031218
Pterostylis pulchella,Vulnerable,27.14659233
Pterostylis rubenachii,Endangered,20.97761916
Pterostylis saxicola,Endangered,917.80331
Pterostylis sinuata,Endangered,250.585468
Pterostylis sp. Botany Bay (A. Bishop J221/1-13),Endangered,
Pterostylis sp. Hale (R.Bates 21725),Endangered,1031.20429
Pterostylis tenuissima,Vulnerable,701.125384
Pterostylis valida,Critically Endangered,14.57876643
Pterostylis vernalis,Critically Endangered,5.517779196
Pterostylis wapstrarum,Critically Endangered,0.969830356
Pterostylis X aenigma,Endangered,17.24773047
Pterostylis xerophila,Vulnerable,9893.436208
Pterostylis ziegeleri,Vulnerable,211.6853056
Ptilotus beckerianus,Vulnerable,4630.449631
Ptilotus pyramidatus,Critically Endangered,3.697712195
Ptychosema pusillum,Vulnerable,68.73152849
Pultenaea aristata,Vulnerable,506.9233978
Pultenaea baeuerlenii,Vulnerable,117.1873597
Pultenaea elusa,Endangered,21.67457232
Pultenaea glabra,Vulnerable,2682.896247
Pultenaea parrisiae,Vulnerable,308.596377
Pultenaea parviflora,Vulnerable,304.9915955
Pultenaea pauciflora,Vulnerable,273.1520492
Pultenaea setulosa,Vulnerable,555.5530705
Pultenaea sp. Genowlan Point (NSW 417813),Critically Endangered,0.216803988
Pultenaea trichophylla,Endangered,1146.32796
Pultenaea villifera var. glabrescens,Vulnerable,289.8454508
Pultenaea williamsoniana,Vulnerable,293.9053739
Randia moorei,Endangered,1817.194126
Ranunculus anemoneus,Vulnerable,290.05413
Ranunculus prasinus,Endangered,1021.367067
Reedia spathacea,Critically Endangered,365.5932936
Rhagodia acicularis,Vulnerable,33.30099679
Rhaphidospora bonneyana,Vulnerable,2751.345834
Rhaponticum australe,Vulnerable,13542.7514
Rhinerrhizopsis matutina,Vulnerable,12341.03308
Rhizanthella gardneri,Endangered,457.3273344
Rhizanthella slateri,Endangered,102.0569933
Ricinocarpos brevis,Endangered,19696.13528
Ricinocarpos gloria-medii,Vulnerable,183.8896731
Ricinocarpos trichophorus,Endangered,18550.72547
Ristantia gouldii,Vulnerable,707.7706773
Romnalda strobilacea,Vulnerable,303.5973551
Roycea pycnophylloides,Endangered,17918.18867
Rutidosis heterogama,Vulnerable,4297.333038
Rutidosis leiolepis,Vulnerable,2216.090112
Rutidosis leptorrhynchoides,Endangered,16632.83208
Rytidosperma pumilum,Vulnerable,29.10626535
Sagina diemensis,Endangered,32.70142503
Samadera bidwillii,Vulnerable,39027.80743
Samadera sp. Moonee Creek (J.King s.n. Nov. 1949),Endangered,1027.664123
Sankowskya stipularis,Endangered,61.9572061
Sannantha crenulata,Vulnerable,90.89266315
Sannantha tozerensis,Vulnerable,90.97731381
Sarcochilus fitzgeraldii,Vulnerable,955.7048034
Sarcochilus hartmannii,Vulnerable,3155.806515
Sarcochilus hirticalcar,Vulnerable,40.22840211
Sarcochilus weinthalii,Vulnerable,3378.722191
Sauropus macranthus,Vulnerable,34.44781041
Scaevola macrophylla,Critically Endangered,17.25496432
Schoenia filifolia subsp. subulifolia,Endangered,78.5737507
Sclerolaena blakei,Vulnerable,9548.537866
Sclerolaena napiformis,Endangered,25848.0776
Sclerolaena walkeri,Vulnerable,107856.1303
Selaginella andrewsii,Vulnerable,122.438165
Senecio australis,Vulnerable,13.97850967
Senecio behrianus,Endangered,65.37692515
Senecio evansianus,Endangered,2.132186863
Senecio hooglandii,Vulnerable,3.272029079
Senecio macrocarpus,Vulnerable,8743.544366
Senecio megaglossus,Vulnerable,2612.505293
Senecio psilocarpus,Vulnerable,69614.21198
Solanum dissectum,Endangered,2036.243154
Solanum dunalianum,Vulnerable,728.9888647
Solanum johnsonianum,Endangered,2020.793254
Solanum karsense,Vulnerable,19352.32621
Solanum sulphureum,Endangered,147.2135311
Sophora fraseri,Vulnerable,7383.320299
Sphaerolobium acanthos,Critically Endangered,644.0754993
Sphenotoma drummondii,Endangered,3665.619581
Spirogardnera rubescens,Endangered,327.1267059
Spyridium coactilifolium,Vulnerable,87.95372757
Spyridium eriocephalum var. glabrisepalum,Vulnerable,783.4128101
Spyridium furculentum,Endangered,17.18516533
Spyridium lawrencei,Endangered,980.9449039
Spyridium obcordatum,Vulnerable,578.9829038
Stachystemon nematophorus,Vulnerable,1096.422292
Stackhousia annua,Vulnerable,1152.643092
Stenanthemum pimeleoides,Vulnerable,12.43744696
Stonesiella selaginoides,Endangered,301.5536183
Streblus pendulinus,Endangered,12.43143066
Stylidium amabile,Critically Endangered,22.22655934
Stylidium applanatum,Critically Endangered,103.0910187
Stylidium asymmetricum,Endangered,7.06052461
Stylidium coroniforme subsp. amblyphyllum,Endangered,579.6188768
Stylidium coroniforme subsp. coroniforme,Endangered,90.19825523
Stylidium ensatum,Endangered,81.37490996
Stylidium galioides,Vulnerable,206.3619907
Stylidium semaphorum,Critically Endangered,22.25083271
Styphelia longissima,Critically Endangered,0.320773714
Styphelia perileuca,Vulnerable,27.32315554
Swainsona murrayana,Vulnerable,241172.8267
Swainsona plagiotropis,Vulnerable,5722.90902
Swainsona pyrophila,Vulnerable,94002.63904
Swainsona recta,Endangered,1537.117155
Symonanthus bancroftii,Endangered,4857.086895
Symplocos baeuerlenii,Vulnerable,583.6287999
Synaphea quartzitica,Endangered,306.5190448
Synaphea sp. Fairbridge Farm (D. Papenfus 696),Critically Endangered,1890.111498
Synaphea sp. Pinjarra (R. Davis 6578),Critically Endangered,4.933485505
Synaphea sp. Pinjarra Plain (A.S. George 17182),Endangered,284.3101961
Synaphea sp. Serpentine (G.R. Brand 103),Critically Endangered,77.08808737
Synaphea stenoloba,Endangered,917.1128428
Syzygium hodgkinsoniae,Vulnerable,4105.661196
Syzygium moorei,Vulnerable,1285.143296
Syzygium paniculatum,Vulnerable,13956.27555
Syzygium velarum,Vulnerable,124.2549907
Taeniophyllum norfolkianum,Vulnerable,38.65650965
Taraxacum cygnorum,Vulnerable,3161.005242
Tasmannia glaucifolia,Vulnerable,600.760473
Tectaria devexa,Endangered,21.33514195
Tecticornia bulbosa,Vulnerable,82.90258909
Tecticornia flabelliformis,Vulnerable,1073.533023
Tephrosia leveillei,Vulnerable,1814.262729
Tetraria australiensis,Vulnerable,137.6554782
Tetratheca aphylla,Vulnerable,382.1195782
Tetratheca deltoidea,Endangered,3.989844825
Tetratheca gunnii,Critically Endangered,31.81588118
Tetratheca harperi,Vulnerable,37.32113675
Tetratheca juncea,Vulnerable,3751.330416
Tetratheca nephelioides,Critically Endangered,442.1445372
Tetratheca paynterae,Endangered,521.9559416
Thelymitra adorata,Critically Endangered,135.8797655
Thelymitra cyanapicata,Critically Endangered,8.567825888
Thelymitra dedmaniarum,Endangered,1655.048733
Thelymitra epipactoides,Endangered,1572.797086
Thelymitra hygrophila,Critically Endangered,19.70142839
Thelymitra jonesii,Endangered,1310.073212
Thelymitra kangaloonica,Critically Endangered,213.3164961
Thelymitra mackibbinii,Vulnerable,86.18468308
Thelymitra matthewsii,Vulnerable,2700.717097
Thelymitra psammophila,Vulnerable,7809.006752
Thelymitra stellata,Endangered,5615.92395
Thesium australe,Vulnerable,161330.8592
Thomasia glabripetala,Vulnerable,442.8668967
Thomasia montana,Vulnerable,526.4216945
Thomasia sp. Green Hill (S.Paust 1322),Endangered,29.7682302
Thryptomene wittweri,Vulnerable,371.6810718
Thynninorchis nothofagicola,Critically Endangered,55.55334975
Tmesipteris norfolkensis,Vulnerable,8.036456369
Toechima pterocarpum,Endangered,120.3312543
Toechima sp. East Alligator (J.Russell-Smith 8418),Endangered,32.67287225
Tomophyllum walleri,Vulnerable,751.0549552
Trachymene scapigera,Endangered,44.95660527
Tribonanthes purpurea,Vulnerable,741.3992903
Trichanthodium baracchianum,Vulnerable,535.5489939
Triplarina imbricata,Endangered,586.5746044
Triplarina nitchaga,Vulnerable,242.8819165
Triplarina nowraensis,Endangered,46.45260406
Trithuria occidentalis,Endangered,23.32989716
Triunia robusta,Endangered,1366.442996
Tropilis callitrophilis,Vulnerable,1060.194936
Tylophora linearis,Endangered,17332.68157
Tylophora rupicola,Endangered,288.0255567
Tylophora woollsii,Endangered,18668.42539
Typhonium jonesii,Endangered,6326.697073
Typhonium mirabile,Endangered,5975.962191
Typhonium taylori,Endangered,69.35773875
Ungeria floribunda,Vulnerable,9.706415507
Uromyrtus australis,Endangered,147.782614
Vanda hindsii,Vulnerable,2244.361522
Vappodes lithocola,Endangered,1871.026716
Vappodes phalaenopsis,Vulnerable,21010.77506
Velleia perfoliata,Vulnerable,104.99029
Veronica ciliolata,Vulnerable,15.13202563
Veronica derwentiana subsp. homalodonta,Critically Endangered,2398.931249
Veronica parnkalliana,Endangered,172.2458496
Verticordia albida,Endangered,198.5732375
Verticordia apecta,Critically Endangered,54.12891237
Verticordia carinata,Vulnerable,1193.155783
Verticordia crebra,Vulnerable,1615.945004
Verticordia densiflora var. pedunculata,Endangered,55.86263005
Verticordia fimbrilepis subsp. australis,Vulnerable,33.98609828
Verticordia fimbrilepis subsp. fimbrilepis,Endangered,6077.142889
Verticordia helichrysantha,Vulnerable,507.6119733
Verticordia hughanii,Endangered,45.05958011
Verticordia pityrhops,Endangered,8.619541895
Verticordia plumosa var. ananeotes,Endangered,17.57137651
Verticordia plumosa var. vassensis,Endangered,102.3598644
Verticordia spicata subsp. squamosa,Endangered,272.8736863
Verticordia staminosa subsp. staminosa,Endangered,1551.155045
Verticordia staminosa var. cylindracea,Endangered,5976.702021
Vrydagzynea grayi,Endangered,212.7012674
Westringia crassifolia,Endangered,261.4286883
Westringia cremnophila,Vulnerable,2.667060487
Westringia davidii,Vulnerable,34.78243993
Westringia kydrensis,Endangered,21.07570329
Westringia parvifolia,Vulnerable,5087.451035
Westringia rupicola,Vulnerable,223.5286039
Wikstroemia australis,Critically Endangered,5.73116297
Wollemia nobilis,Critically Endangered,5118.359448
Wurmbea calcicola,Endangered,27.09685256
Wurmbea tubulosa,Endangered,820.4601216
Xanthorrhoea arenaria,Vulnerable,40.63873267
Xanthorrhoea bracteata,Endangered,2865.001024
Xanthostemon formosus,Endangered,49.19596122
Xanthostemon oppositifolius,Vulnerable,646.4693521
Xerochrysum palustre,Vulnerable,69487.93914
Xerothamnella herbacea,Endangered,175.1347438
Xerothamnella parvifolia,Vulnerable,6683.736944
Xylopia monosperma,Endangered,2872.096307
Xylosma parvifolia,Endangered,0.787178435
Xyris exilis,Vulnerable,355.1601234
Zehneria baueriana,Endangered,8.036456369
Zeuxine polygonoides,Vulnerable,1358.808126
Zieria adenophora,Endangered,2.104163263
Zieria baeuerlenii,Endangered,3.094454225
Zieria bifida,Endangered,14.67352217
Zieria buxijugum,Endangered,2.137839366
Zieria citriodora,Vulnerable,203.7323646
Zieria collina,Vulnerable,281.4401853
Zieria covenyi,Endangered,16.22232477
Zieria floydii,Endangered,96.24492129
Zieria formosa,Endangered,0.68940993
Zieria granulata,Endangered,243.1543737
Zieria ingramii,Endangered,1221.643362
Zieria involucrata,Vulnerable,374.0277475
Zieria lasiocaulis,Endangered,539.2595304
Zieria murphyi,Vulnerable,234.3646945
Zieria obcordata,Endangered,108.5715262
Zieria obovata,Vulnerable,81.77890448
Zieria parrisiae,Critically Endangered,28.58293797
Zieria prostrata,Endangered,13.3216196
Zieria rimulosa,Vulnerable,25.72052363
Zieria tuberculata,Vulnerable,17.69682347
Zieria verrucosa,Vulnerable,724.2250248
